actor_image,celeb_names,born day
"https://m.media-amazon.com/images/M/MV5BMjAwMjk3NDUzN15BMl5BanBnXkFtZTcwNjI4MTY0NA@@._V1_UX140_CR0,0,140,209_AL_.jpg",Aamir Khan,"March,14,1965"
"https://m.media-amazon.com/images/M/MV5BODI4NDY1NzkyM15BMl5BanBnXkFtZTgwNzM3MDM0OTE@._V1_UY209_CR13,0,140,209_AL_.jpg",Akshay Kumar,"September,9,1967"
"https://m.media-amazon.com/images/M/MV5BMTY0MDY2MDMwOV5BMl5BanBnXkFtZTgwNDE4MDM0OTE@._V1_UY209_CR6,0,140,209_AL_.jpg",Ajay Devgn,"April,2,1969"
"https://m.media-amazon.com/images/M/MV5BOWUzNjU3YTUtOGIyMi00MDk3LTk1NDMtMzY4MDZlNDFhNTFhXkEyXkFqcGdeQXVyMTExNDQ2MTI@._V1_UY209_CR73,0,140,209_AL_.jpg",Amjad Khan,"November,12,1940"
"https://m.media-amazon.com/images/M/MV5BNTk1OTUxMzIzMV5BMl5BanBnXkFtZTcwMzMxMjI0Nw@@._V1_UY209_CR6,0,140,209_AL_.jpg",Amitabh Bachchan,"October,11,1942"
"https://m.media-amazon.com/images/M/MV5BNzZhNDQ1YzItNTVlOC00MmVmLTkzMjEtMDFmN2Q0MDU2YmQ3XkEyXkFqcGdeQXVyMTExNDQ2MTI@._V1_UY209_CR21,0,140,209_AL_.jpg",Amol Palekar,"November,24,1944"
"https://m.media-amazon.com/images/M/MV5BMTU2NzkzODA3OV5BMl5BanBnXkFtZTcwMzk2MDMyOA@@._V1_UX140_CR0,0,140,209_AL_.jpg",Abhay Deol,"March,15,1976"
"https://m.media-amazon.com/images/M/MV5BMjAxNDQyNDkxM15BMl5BanBnXkFtZTcwNTQyNTA0MQ@@._V1_UY209_CR87,0,140,209_AL_.jpg",Akshaye Khanna,"March,28,1975"
"https://m.media-amazon.com/images/M/MV5BNmMwOGYwMjUtN2M5My00ODIxLWI3ZjctODM2MGI4OGQzOWM0XkEyXkFqcGdeQXVyMTExNDQ2MTI@._V1_UY209_CR6,0,140,209_AL_.jpg",Arshad Warsi,"April,19,1968"
"https://m.media-amazon.com/images/M/MV5BZTkxYmU1NmUtNGE4Ni00OWNmLWE5YzktNTJiZTlmMTIyMTM5XkEyXkFqcGdeQXVyMTExNDQ2MTI@._V1_UY209_CR1,0,140,209_AL_.jpg",Anushka Shetty,"November,7,1981"
"https://m.media-amazon.com/images/M/MV5BY2E1ODI1MGUtYWY1ZS00ZDdlLTg0ZDctNWU1NmJhM2UxYzU5XkEyXkFqcGdeQXVyMjkxNzQ1NDI@._V1_UY209_CR0,0,140,209_AL_.jpg",Atul Kulkarni,"September,10,1965"
"https://m.media-amazon.com/images/M/MV5BMjEyNDQ4MzUzNF5BMl5BanBnXkFtZTgwNjY3OTczOTE@._V1_UX140_CR0,0,140,209_AL_.jpg",Asrani,"January,1,1941"
"https://m.media-amazon.com/images/M/MV5BOTk4MDY4ODAwNl5BMl5BanBnXkFtZTcwNzQ0MjY2Nw@@._V1_UY209_CR87,0,140,209_AL_.jpg",Ayushmann Khurrana,"September,14,1984"
"https://m.media-amazon.com/images/M/MV5BYWIzYjZkZTAtNDM0MS00YjBiLWJlMjItZDY1YTJhNjMxNTExXkEyXkFqcGdeQXVyNDUzOTQ5MjY@._V1_UX140_CR0,0,140,209_AL_.jpg",Aruna Irani,"August,18,1946"
"https://m.media-amazon.com/images/M/MV5BMjE4MjAxODk1NV5BMl5BanBnXkFtZTcwODQ0MjY2Nw@@._V1_UY209_CR87,0,140,209_AL_.jpg",Annu Kapoor,"February,20,1956"
"https://m.media-amazon.com/images/M/MV5BMzk5Mzc5Y2YtYjJjYy00OGIyLTg4MzctZTMxNDBiYzY2MTcxXkEyXkFqcGdeQXVyNjc0MTQwOTc@._V1_UY209_CR116,0,140,209_AL_.jpg",Ashish Vidyarthi,"June,19,1962"
"https://m.media-amazon.com/images/M/MV5BN2Q2YzA4MDMtMzVkYy00ZTMwLTgzN2EtZTc4NTRiODhkNzM3XkEyXkFqcGdeQXVyMjA4ODEzMzE@._V1_UY209_CR17,0,140,209_AL_.jpg",Adil Hussain,
"https://m.media-amazon.com/images/M/MV5BMjMyMjc1OTgzNF5BMl5BanBnXkFtZTgwMDY1NDMzOTE@._V1_UY209_CR3,0,140,209_AL_.jpg",Anupam Kher,"March,7,1955"
"https://m.media-amazon.com/images/M/MV5BMjUyMWE5MjUtMDlkMC00ODc0LThkOTgtNjZhNDgyMTU5ZDhlXkEyXkFqcGdeQXVyMTExNDQ2MTI@._V1_UX140_CR0,0,140,209_AL_.jpg",Anil Kapoor,"December,24,1956"
"https://m.media-amazon.com/images/M/MV5BYWRlMTk2NWYtYjhjNy00NmRjLTg4NWMtMmM2YjJlN2YwNWE4XkEyXkFqcGdeQXVyMTExNDQ2MTI@._V1_UY209_CR8,0,140,209_AL_.jpg",Amrish Puri,"June,22,1932"
"https://m.media-amazon.com/images/M/MV5BZmNhMWQyOGYtYmZkMy00ZjdjLWE4N2QtYjc0NzEyZjViZWQzXkEyXkFqcGdeQXVyMTExNDQ2MTI@._V1_UY209_CR11,0,140,209_AL_.jpg",Amole Gupte,
"https://m.media-amazon.com/images/M/MV5BNTc4ZjFlMjUtODU3MS00M2JhLTlkMzEtMmIyODFiMjAwZmJhXkEyXkFqcGdeQXVyNTE0MDc0NTM@._V1_UY209_CR62,0,140,209_AL_.jpg",Boman Irani,"December,2,1959"
"https://m.media-amazon.com/images/M/MV5BZDgwMGMzMWUtMmQ1Yi00NjM0LTlkMDgtMTk5MmFkMWJhNDY1XkEyXkFqcGdeQXVyMTExNDQ2MTI@._V1_UY209_CR10,0,140,209_AL_.jpg",Balraj Sahni,"May,1,1913"
https://m.media-amazon.com/images/G/01/imdb/images/nopicture/medium/name-2135195744._CB466677935_.png,Binnu Dhillon,
"https://m.media-amazon.com/images/M/MV5BODIwNGY2OGItN2I4Ny00Y2ExLWEzZmQtMTI0M2IxMWQxYTU5XkEyXkFqcGdeQXVyNDUzOTQ5MjY@._V1_UY209_CR2,0,140,209_AL_.jpg",Bharat Bhushan,"June,14,1920"
"https://m.media-amazon.com/images/M/MV5BOGQ4MTc3MWYtNmUxNi00Nzk3LWFjMDItM2Y1NmVmMDEyNWIxXkEyXkFqcGdeQXVyMTExNDQ2MTI@._V1_UY209_CR3,0,140,209_AL_.jpg",Chiranjeevi,"August,22,1955"
"https://m.media-amazon.com/images/M/MV5BMTk5NjI3MTEwNF5BMl5BanBnXkFtZTgwMzU2MTMzOTE@._V1_UX140_CR0,0,140,209_AL_.jpg",Chunky Pandey,"September,26,1962"
"https://m.media-amazon.com/images/M/MV5BMzI4Njg3OTcyNF5BMl5BanBnXkFtZTcwNzQzMTYxOA@@._V1_UY209_CR11,0,140,209_AL_.jpg",Danny Denzongpa,"February,25,1948"
"https://m.media-amazon.com/images/M/MV5BMjYyYzViMmYtMjU4Yi00NGM3LWFjZTEtZmFkOGFmOTllY2I2XkEyXkFqcGdeQXVyMTExNDQ2MTI@._V1_UY209_CR4,0,140,209_AL_.jpg",Darsheel Safary,"March,9,1996"
"https://m.media-amazon.com/images/M/MV5BNmIwYzhiNjUtYmY3NS00YjdhLTlkM2UtZDJhZDJiNDkzNDI5XkEyXkFqcGdeQXVyNDY2Nzg2NQ@@._V1_UY209_CR34,0,140,209_AL_.jpg",Deepak Tijori,"August,28,1961"
"https://m.media-amazon.com/images/M/MV5BMTk0ODU5NjAzMl5BMl5BanBnXkFtZTcwNDYyOTM5NA@@._V1_UY209_CR87,0,140,209_AL_.jpg",Dharmendra,"December,8,1935"
"https://m.media-amazon.com/images/M/MV5BNGFlYzAyYjgtNzRjNS00NmE4LTliOGYtYzBkYzU5MzRhMDM0XkEyXkFqcGdeQXVyMTExNDQ2MTI@._V1_UX140_CR0,0,140,209_AL_.jpg",Deepika Padukone,"January,5,1986"
"https://m.media-amazon.com/images/M/MV5BNTc4MTE1NDU5MF5BMl5BanBnXkFtZTcwNDI2MTcxOA@@._V1_UY209_CR81,0,140,209_AL_.jpg",Dimple Kapadia,"June,8,1957"
"https://m.media-amazon.com/images/M/MV5BMTk5MDI0OTQzOF5BMl5BanBnXkFtZTcwMTgwMzEzMQ@@._V1_UY209_CR69,0,140,209_AL_.jpg",Dev Anand,"September,26,1923"
"https://m.media-amazon.com/images/M/MV5BYjhjNWM1MmUtM2M3My00MWZmLWE5NDYtNTI5YTM3MWQwNGVhXkEyXkFqcGdeQXVyNDUzOTQ5MjY@._V1_UX140_CR0,0,140,209_AL_.jpg",Deepti Naval,"February,3,1952"
"https://m.media-amazon.com/images/M/MV5BMzg0NTM0MjYxN15BMl5BanBnXkFtZTcwMzY1NTAzMQ@@._V1_UY209_CR68,0,140,209_AL_.jpg",Dilip Kumar,"December,11,1922"
"https://m.media-amazon.com/images/M/MV5BNzY3ODZmNDctZDA0ZC00NGNmLTgzZmItM2JhMTI4MzM3NTU2XkEyXkFqcGdeQXVyMTExNDQ2MTI@._V1_UY209_CR0,0,140,209_AL_.jpg",Farooq Shaikh,"March,25,1948"
"https://m.media-amazon.com/images/M/MV5BMjA4MjYwNzAzM15BMl5BanBnXkFtZTcwMzUyMTUxNw@@._V1_UX140_CR0,0,140,209_AL_.jpg",Farhan Akhtar,"January,9,1974"
"https://m.media-amazon.com/images/M/MV5BN2NjODM2NDItYTU0Ni00MzJmLWJkZTYtMjQ3ZDZjZmNjY2NhXkEyXkFqcGdeQXVyMTExNDQ2MTI@._V1_UY209_CR8,0,140,209_AL_.jpg",Feroz Khan,"September,25,1939"
"https://m.media-amazon.com/images/M/MV5BZGE2OTUzZDEtZWQ2Ny00YTQ0LWEyYmItYmRiYjMxNTFiYzYwXkEyXkFqcGdeQXVyNDUzOTQ5MjY@._V1_UX140_CR0,0,140,209_AL_.jpg",Farida Jalal,"March,14,1949"
"https://m.media-amazon.com/images/M/MV5BMjA0Mzg2NjEwN15BMl5BanBnXkFtZTgwODQ1NDQzNzE@._V1_UY209_CR69,0,140,209_AL_.jpg",Guru Dutt,"July,9,1925"
"https://m.media-amazon.com/images/M/MV5BNzEwNDgwMTk3Nl5BMl5BanBnXkFtZTgwNjMwOTU4MDI@._V1_UY209_CR14,0,140,209_AL_.jpg",Govinda,"December,21,1963"
"https://m.media-amazon.com/images/M/MV5BM2FmZGY4NDctMzczOC00MTg3LWExZDUtYWU5NTNkMTA4YzZhXkEyXkFqcGdeQXVyODI0MDE3OQ@@._V1_UX140_CR0,0,140,209_AL_.jpg",Gulshan Grover,"September,21,1955"
"https://m.media-amazon.com/images/M/MV5BODJhZWQ3NGEtZDFmYS00YTc3LTllMzctZGFlM2U0NjliYTczXkEyXkFqcGdeQXVyMTExNDQ2MTI@._V1_UY209_CR6,0,140,209_AL_.jpg",Gurpreet Ghuggi,
"https://m.media-amazon.com/images/M/MV5BMTkyNDk3MjEzN15BMl5BanBnXkFtZTYwOTQyODEz._V1_UY209_CR16,0,140,209_AL_.jpg",Girish Karnad,"May,19,1938"
"https://m.media-amazon.com/images/M/MV5BZjYwYjE4YjQtMTFmMi00NTlhLThjZjUtZTIyMTczMGU2ZDE5XkEyXkFqcGdeQXVyNzM2NzM0NDU@._V1_UX140_CR0,0,140,209_AL_.jpg",Hrithik Roshan,"January,10,1974"
"https://m.media-amazon.com/images/M/MV5BMTEwMTkyMDY3OTheQTJeQWpwZ15BbWU4MDE1MjEyMzkx._V1_UX140_CR0,0,140,209_AL_.jpg",Huma Qureshi,"July,28,1986"
"https://m.media-amazon.com/images/M/MV5BNTlkNmU1N2YtZGI2OC00YjkwLWIxM2MtNTZkMmJkYTQ4YWE1XkEyXkFqcGdeQXVyMjQwMDg0Ng@@._V1_UY209_CR10,0,140,209_AL_.jpg",Inaamulhaq,"November,14,1979"
"https://m.media-amazon.com/images/M/MV5BNDg3NDgxNzY4NF5BMl5BanBnXkFtZTcwODMxODQzMg@@._V1_UY209_CR8,0,140,209_AL_.jpg",Irrfan Khan,"January,7,1967"
"https://m.media-amazon.com/images/M/MV5BYzczOGViODMtMWY1Yi00ZTAwLTkzZjItYzlmMzU0NmM5YjBmXkEyXkFqcGdeQXVyMjYwMDk5NjE@._V1_UY209_CR16,0,140,209_AL_.jpg",Jackie Shroff,"February,1,1957"
"https://m.media-amazon.com/images/M/MV5BMjM2MTc1NTk5OF5BMl5BanBnXkFtZTgwOTI4NDczMDE@._V1_UY209_CR86,0,140,209_AL_.jpg",Jimmy Sheirgill,"December,3,1970"
"https://m.media-amazon.com/images/M/MV5BYThkMTY3NDktMDBiNy00NWFhLWIyOWEtNGRkNDRiMGJjMjZiXkEyXkFqcGdeQXVyMTExNDQ2MTI@._V1_UY209_CR5,0,140,209_AL_.jpg",Jeetendra,"April,7,1942"
"https://m.media-amazon.com/images/M/MV5BZGQzZDgxNGMtZTdjYy00NzI3LThlOGItNjdmOTc5ZjQwYjcwXkEyXkFqcGdeQXVyNDAzNDk0MTQ@._V1_UY209_CR12,0,140,209_AL_.jpg",Jaspal Bhatti,"March,3,1955"
"https://m.media-amazon.com/images/M/MV5BMjMyMTQzMjk1MV5BMl5BanBnXkFtZTgwMDg5MTMzOTE@._V1_UX140_CR0,0,140,209_AL_.jpg",Johnny Lever,"August,14,1957"
https://m.media-amazon.com/images/G/01/imdb/images/nopicture/medium/name-2135195744._CB466677935_.png,Jaswinder Bhalla,
"https://m.media-amazon.com/images/M/MV5BYmUxNTY0MWItODQ2My00YWMyLWFmODgtNTY1MTQ2ZjEwYzdlXkEyXkFqcGdeQXVyMjYwMDk5NjE@._V1_UY209_CR13,0,140,209_AL_.jpg",Kamal Haasan,"November,7,1954"
"https://m.media-amazon.com/images/M/MV5BMTA2NTg0ODA1ODJeQTJeQWpwZ15BbWU4MDM0NDkxNTMy._V1_UY209_CR4,0,140,209_AL_.jpg",Kangana Ranaut,"March,20,1987"
"https://m.media-amazon.com/images/M/MV5BMTU1NjUxNDYwNV5BMl5BanBnXkFtZTgwOTU3MDM0OTE@._V1_UY209_CR3,0,140,209_AL_.jpg",Konkona Sen Sharma,"December,3,1979"
"https://m.media-amazon.com/images/M/MV5BNWYzY2QzNzUtYmVlYy00MmZjLTgxYjEtNjQyOWI5MzZkMDk4XkEyXkFqcGdeQXVyMTExNDQ2MTI@._V1_UY209_CR8,0,140,209_AL_.jpg",Kader Khan,"December,11,1937"
"https://m.media-amazon.com/images/M/MV5BMTY4MjgwODk4MF5BMl5BanBnXkFtZTgwNzAxNzE0MjE@._V1_UY209_CR87,0,140,209_AL_.jpg",Kay Kay Menon,"October,2,1966"
"https://m.media-amazon.com/images/M/MV5BMjIwMjQ5MTQ4N15BMl5BanBnXkFtZTgwOTIyMDU0OTE@._V1_UY209_CR4,0,140,209_AL_.jpg",Kajol,"August,5,1974"
"https://m.media-amazon.com/images/M/MV5BMTQ2ODU1NDM0MF5BMl5BanBnXkFtZTcwNjIzNTE3Mw@@._V1_UY209_CR72,0,140,209_AL_.jpg",Kulbhushan Kharbanda,"October,21,1944"
"https://m.media-amazon.com/images/M/MV5BNzI4NDQyMjU2MF5BMl5BanBnXkFtZTgwMzc4ODEzOTE@._V1_UX140_CR0,0,140,209_AL_.jpg",Kalki Koechlin,"January,10,1983"
"https://m.media-amazon.com/images/M/MV5BMjE5NzI3NjE1Ml5BMl5BanBnXkFtZTgwNTMxMjMzOTE@._V1_UY209_CR87,0,140,209_AL_.jpg",Kapil Sharma,"April,2,1981"
"https://m.media-amazon.com/images/M/MV5BOWJmNDJkYjEtYmY5ZC00NmY5LTgyNTUtN2FjODQyZGZhNmIzL2ltYWdlXkEyXkFqcGdeQXVyMTExNDQ2MTI@._V1_UY209_CR10,0,140,209_AL_.jpg",Krishna Abhishek,
"https://m.media-amazon.com/images/M/MV5BMTg1MzAzMDg0OV5BMl5BanBnXkFtZTgwMjYzMTI1NTE@._V1_UY209_CR74,0,140,209_AL_.jpg",Karuna Bannerjee,"December,25,1919"
"https://m.media-amazon.com/images/M/MV5BZGRkNmZiYjItYTk5Yy00ODU1LThkNjAtYWQ4OGZjYTMxMDcwXkEyXkFqcGdeQXVyMTExNDQ2MTI@._V1_UY209_CR4,0,140,209_AL_.jpg",Kanwaljit Singh,
"https://m.media-amazon.com/images/M/MV5BNDk2OTk5NjYwNl5BMl5BanBnXkFtZTcwMzMyMDQ4Mg@@._V1_UY209_CR88,0,140,209_AL_.jpg",Lara Dutta,"April,16,1978"
"https://m.media-amazon.com/images/M/MV5BNWY2N2E4Y2EtOGI2NS00YjkxLTgwMDAtNGU4MTZjN2RiZjAwXkEyXkFqcGdeQXVyMTExNDQ2MTI@._V1_UY209_CR1,0,140,209_AL_.jpg",Manjot Singh,
"https://m.media-amazon.com/images/M/MV5BMmY4YzA5Y2UtYmI2Yi00MzNmLWJmZjQtYTY3YWYyYzBjYWQ3XkEyXkFqcGdeQXVyOTAyMDgxODQ@._V1_UY209_CR115,0,140,209_AL_.jpg",Manu Rishi Chadha,
"https://m.media-amazon.com/images/M/MV5BMzI0OWZlOTQtNGJiNS00YzVhLWE1MGQtZGY3ZWUwYWJiOTZiXkEyXkFqcGdeQXVyMTExNDQ2MTI@._V1_UY209_CR14,0,140,209_AL_.jpg",Mehmood,"September,29,1932"
"https://m.media-amazon.com/images/M/MV5BMjAxNzA0MzkzNl5BMl5BanBnXkFtZTcwNjMyOTM0MQ@@._V1_UY209_CR89,0,140,209_AL_.jpg",Mukesh Tiwari,"August,24,1969"
"https://m.media-amazon.com/images/M/MV5BOTFjOGIwMmUtY2FlMS00ZWJlLThhOWItY2RmY2JmYTc0YTk5XkEyXkFqcGdeQXVyMjYwMDk5NjE@._V1_UX140_CR0,0,140,209_AL_.jpg",Mammootty,"September,7,1951"
"https://m.media-amazon.com/images/M/MV5BNDcyOGU3ODctZjZiZi00OWY1LWEzYjktOTIxNTUwMTAyODMzXkEyXkFqcGdeQXVyMjkxNzQ1NDI@._V1_UY209_CR0,0,140,209_AL_.jpg",Makrand Deshpande,"July,3,1958"
"https://m.media-amazon.com/images/M/MV5BZjQ4NWIwYzYtOTYwZC00ZDI4LWFmYWEtZjhmNTE3ODVhYzJkXkEyXkFqcGdeQXVyOTc1MzM5MA@@._V1_UY209_CR8,0,140,209_AL_.jpg",Madhavan,"June,1,1970"
"https://m.media-amazon.com/images/M/MV5BYjFjZGRjMWYtZTA5MS00OTZkLWI1MjctNDQ2NmQzMWM1NzRhXkEyXkFqcGdeQXVyMjkxNzQ1NDI@._V1_UY209_CR0,0,140,209_AL_.jpg",Mohanlal,"May,21,1960"
"https://m.media-amazon.com/images/M/MV5BNGQ4YjkyMzMtM2E4OS00YmMzLWEyY2YtYjY0ZmUzYmEzNzFiXkEyXkFqcGdeQXVyNDUzOTQ5MjY@._V1_UY209_CR13,0,140,209_AL_.jpg",Mita Vasisht,"November,2,1967"
"https://m.media-amazon.com/images/M/MV5BMzUxODk5MmEtZGQxOC00NzUxLWI5YTEtYWFjMjZmZTIwNTA5XkEyXkFqcGdeQXVyMTExNDQ2MTI@._V1_UY209_CR8,0,140,209_AL_.jpg",Manoj Bajpayee,"April,23,1969"
"https://m.media-amazon.com/images/M/MV5BMDdmMDUzMGUtNjBiYy00ZDdiLTlhZWItYmE3MjNjNGViM2U0XkEyXkFqcGdeQXVyMTExNDQ2MTI@._V1_UY209_CR2,0,140,209_AL_.jpg",Manoj Joshi,
"https://m.media-amazon.com/images/M/MV5BNTk0OTFkZGItYTQxMi00YTUwLTlkMGEtMTIyZDNlNDc0MzRlXkEyXkFqcGdeQXVyMTgzNTY5OTc@._V1_UY209_CR34,0,140,209_AL_.jpg",Madhuri Dixit,"May,15,1967"
"https://m.media-amazon.com/images/M/MV5BZWRlMmFiZWUtYWY3Ni00NDkwLWFlZmQtOWE2NjI2MDUzYTczXkEyXkFqcGdeQXVyMTExNDQ2MTI@._V1_UY209_CR4,0,140,209_AL_.jpg",Mohnish Bahl,"February,14,1963"
"https://m.media-amazon.com/images/M/MV5BMjQwNDUxMzY4Ml5BMl5BanBnXkFtZTgwMTgxMTIzOTE@._V1_UY209_CR6,0,140,209_AL_.jpg",Mithun Chakraborty,"June,16,1947"
"https://m.media-amazon.com/images/M/MV5BMTYwNTk2MTk4MF5BMl5BanBnXkFtZTgwODQ1ODA0OTE@._V1_UY209_CR90,0,140,209_AL_.jpg",Mukesh Khanna,"July,19,1958"
"https://m.media-amazon.com/images/M/MV5BODhjYmUzZTctNWY3Yy00ZDBmLTk0NzEtMzg3YzlhYzA0NGI2XkEyXkFqcGdeQXVyMTExNDQ2MTI@._V1_UY209_CR6,0,140,209_AL_.jpg",Mukul Dev,"November,30,1970"
"https://m.media-amazon.com/images/M/MV5BMTI4MTAzMzc2MV5BMl5BanBnXkFtZTcwMDkyNDAzMQ@@._V1_UY209_CR11,0,140,209_AL_.jpg",Madhubala,"February,14,1933"
"https://m.media-amazon.com/images/M/MV5BMTM2NjQ1Nzg2N15BMl5BanBnXkFtZTcwNDkyNjAzMQ@@._V1_UY209_CR1,0,140,209_AL_.jpg",Meena Kumari,"August,1,1933"
"https://m.media-amazon.com/images/M/MV5BMWUyNzlkMDEtMGY4My00M2QwLWEzYjktMzk1YjliNDhiYzc5XkEyXkFqcGdeQXVyNDUzOTQ5MjY@._V1_UY209_CR6,0,140,209_AL_.jpg",Mala Sinha,"November,11,1936"
"https://m.media-amazon.com/images/M/MV5BMDM4MTY3YzAtYmJlMC00YjdjLTg4YzgtZTJiMzI5NzJjODg2XkEyXkFqcGdeQXVyMTExNDQ2MTI@._V1_UY209_CR4,0,140,209_AL_.jpg",Manoj Pahwa,
"https://m.media-amazon.com/images/M/MV5BMzUxNTM4MzQ4N15BMl5BanBnXkFtZTgwMjY1ODA0OTE@._V1_UY209_CR34,0,140,209_AL_.jpg",Manoj Kumar,"July,24,1937"
"https://m.media-amazon.com/images/M/MV5BMjA3Njc5NjcwOF5BMl5BanBnXkFtZTcwMTgyOTY0OA@@._V1_UY209_CR87,0,140,209_AL_.jpg",Nassar,"March,5,1958"
"https://m.media-amazon.com/images/M/MV5BMTQ4MDcyOTExOV5BMl5BanBnXkFtZTgwOTQyMDU0OTE@._V1_UY209_CR12,0,140,209_AL_.jpg",Naseeruddin Shah,"July,20,1950"
"https://m.media-amazon.com/images/M/MV5BMTA2NzUwMTAxMDBeQTJeQWpwZ15BbWU4MDQ0MTEyNTEx._V1_UY209_CR0,0,140,209_AL_.jpg",Nandita Das,"November,7,1969"
"https://m.media-amazon.com/images/M/MV5BMDE5ZTgzN2QtODQzMi00NzYxLWI3ZmMtMzAxNWM0OGM1YjM0XkEyXkFqcGdeQXVyNzc4NzEwNTc@._V1_UY209_CR82,0,140,209_AL_.jpg",Nagarjuna Akkineni,"August,29,1959"
"https://m.media-amazon.com/images/M/MV5BMjI4MzQyODYwOF5BMl5BanBnXkFtZTgwMTcxMTIzOTE@._V1_UY209_CR87,0,140,209_AL_.jpg",Nana Patekar,"January,1,1951"
"https://m.media-amazon.com/images/M/MV5BMTU5NTQwMTI0NV5BMl5BanBnXkFtZTcwNzQyNTgxOA@@._V1_UX140_CR0,0,140,209_AL_.jpg",Nawazuddin Siddiqui,"May,19,1974"
"https://m.media-amazon.com/images/M/MV5BMTY1NzE0ODkzNl5BMl5BanBnXkFtZTcwMDQ2OTAzMQ@@._V1_UY209_CR5,0,140,209_AL_.jpg",Nargis,"June,1,1929"
"https://m.media-amazon.com/images/M/MV5BNGYxMTdjY2MtMDkzYS00ZGJlLTljZTgtYjlhZGVhYTNhMTE3XkEyXkFqcGdeQXVyNDUzOTQ5MjY@._V1_UY209_CR7,0,140,209_AL_.jpg",Nirupa Roy,"January,4,1931"
"https://m.media-amazon.com/images/M/MV5BMTM0MDI4NDIzOV5BMl5BanBnXkFtZTcwNDY1NTAzMQ@@._V1_UY209_CR7,0,140,209_AL_.jpg",Nutan,"June,4,1936"
"https://m.media-amazon.com/images/M/MV5BZTJlZWZiMmUtNTQ0MS00NzliLWI3YjAtNzhiNjVhNWQ2MDExXkEyXkFqcGdeQXVyMTExNDQ2MTI@._V1_UY209_CR1,0,140,209_AL_.jpg",Neeraj Kabi,
"https://m.media-amazon.com/images/M/MV5BNzY5NWIxMDItMzZkNi00YzNiLTkyMWQtZDJlNzEwODA2MDNkXkEyXkFqcGdeQXVyMTExNDQ2MTI@._V1_UY209_CR5,0,140,209_AL_.jpg",Navin Nischol,"March,18,1946"
"https://m.media-amazon.com/images/M/MV5BNDBkYTI0OWMtNmMzOC00MDc5LTgwNGEtZTQ1MGQ2MWViNjAxXkEyXkFqcGdeQXVyNDUzOTQ5MjY@._V1_UY209_CR34,0,140,209_AL_.jpg",Nafisa Ali,
"https://m.media-amazon.com/images/M/MV5BMTc4MjA5ODY4NF5BMl5BanBnXkFtZTcwNjUyMDUxMQ@@._V1_UY209_CR6,0,140,209_AL_.jpg",Om Puri,"October,18,1950"
"https://m.media-amazon.com/images/M/MV5BMWE3OTM3ODMtZGIzZC00YjU3LWIyZmItOGYxNDA3Mzg4NTk3XkEyXkFqcGdeQXVyMTExNDQ2MTI@._V1_UY209_CR13,0,140,209_AL_.jpg",Om Prakash,"December,19,1919"
"https://m.media-amazon.com/images/M/MV5BNjdlYjllOGMtYzU1OC00ODZjLWEzOGEtMGViOTYyYjU3YmJiXkEyXkFqcGdeQXVyMTExNDQ2MTI@._V1_UY209_CR3,0,140,209_AL_.jpg",Pankaj Tripathi,
"https://m.media-amazon.com/images/M/MV5BMTQ1MDc2Mjc2OF5BMl5BanBnXkFtZTcwMTc1MDU4OQ@@._V1_UY209_CR6,0,140,209_AL_.jpg",Pran,"February,12,1920"
"https://m.media-amazon.com/images/M/MV5BMjI4Mjg2MjgxMV5BMl5BanBnXkFtZTgwNDYyMTIzOTE@._V1_UY209_CR88,0,140,209_AL_.jpg",Paresh Rawal,"May,30,1950"
"https://m.media-amazon.com/images/M/MV5BMjAxNzUwNjExOV5BMl5BanBnXkFtZTcwNDUyMTUxNw@@._V1_UY209_CR70,0,140,209_AL_.jpg",Priyanka Chopra,"July,18,1982"
"https://m.media-amazon.com/images/M/MV5BMjQ2MjA4NjU0MF5BMl5BanBnXkFtZTgwMTgwMDMzOTE@._V1_UX140_CR0,0,140,209_AL_.jpg",Prakash Raj,"March,26,1965"
"https://m.media-amazon.com/images/M/MV5BMjliZmI3YmMtYWU1NS00MjVlLTkxZTQtYjIzYzFkNWNjOTZkXkEyXkFqcGdeQXVyMjYwMDk5NjE@._V1_UX140_CR0,0,140,209_AL_.jpg",Prabhas,"October,23,1979"
"https://m.media-amazon.com/images/M/MV5BZTY2NjI0ZjYtMDM2My00ZjE1LWFiNmQtYWI3OGY2NDgwNTE3XkEyXkFqcGdeQXVyMTExNDQ2MTI@._V1_UY209_CR3,0,140,209_AL_.jpg",Pankaj Kapur,"May,29,1954"
"https://m.media-amazon.com/images/M/MV5BMTY4MzAyODE3NV5BMl5BanBnXkFtZTcwMjM3Mjc4OQ@@._V1_UX140_CR0,0,140,209_AL_.jpg",Prabhu Deva,
"https://m.media-amazon.com/images/M/MV5BM2U2OTEzM2UtMjhlNC00NTYxLWI5MDItM2RjYzNhYmNhYWFmXkEyXkFqcGdeQXVyMTExNDQ2MTI@._V1_UY209_CR6,0,140,209_AL_.jpg",Prem Chopra,"September,23,1935"
"https://m.media-amazon.com/images/M/MV5BNTkxOTIwNzYxMl5BMl5BanBnXkFtZTgwMDE5OTczOTE@._V1_UX140_CR0,0,140,209_AL_.jpg",Pooja Bhatt,"February,24,1972"
"https://m.media-amazon.com/images/M/MV5BNDlkYzllMDktZDk5OC00NWM5LTgzM2ItMmYxYTM4ZmMwODQ4XkEyXkFqcGdeQXVyMTExNDQ2MTI@._V1_UY209_CR9,0,140,209_AL_.jpg",Pavan Malhotra,"July,2,1958"
"https://m.media-amazon.com/images/M/MV5BMDc5MGFlZTMtMmQ1Zi00YjkxLWE3ZGItZGNkNTExYjJhNGFhXkEyXkFqcGdeQXVyMTExNDQ2MTI@._V1_UY209_CR9,0,140,209_AL_.jpg",Piyush Mishra,
"https://m.media-amazon.com/images/M/MV5BNjFlYjBjY2ItMGIxMi00ZTAzLThhMmEtM2M2NDk0OWViYmFlXkEyXkFqcGdeQXVyMTExNDQ2MTI@._V1_UY209_CR10,0,140,209_AL_.jpg",Prashant Narayanan,
"https://m.media-amazon.com/images/M/MV5BZjQxMTRhNzktZmM4OS00ZmZlLTkxYzYtMmI1ZWMzNTFmMTdkXkEyXkFqcGdeQXVyMTExNDQ2MTI@._V1_UY209_CR13,0,140,209_AL_.jpg",Rahul Dev,
"https://m.media-amazon.com/images/M/MV5BMjE2MjY2ODY4N15BMl5BanBnXkFtZTgwNDcwMTE0OTE@._V1_UX140_CR0,0,140,209_AL_.jpg",Rahul Bose,"July,27,1967"
"https://m.media-amazon.com/images/M/MV5BNjU2MDU4NzI5OF5BMl5BanBnXkFtZTcwNjQ4Njg5Nw@@._V1_UX140_CR0,0,140,209_AL_.jpg",Rekha,"October,10,1954"
"https://m.media-amazon.com/images/M/MV5BMjQwMzc5NDQ0NF5BMl5BanBnXkFtZTgwNDg1ODA0OTE@._V1_UY209_CR0,0,140,209_AL_.jpg",Ratna Pathak Shah,"March,18,1963"
"https://m.media-amazon.com/images/M/MV5BMTYwY2Y5ZWUtOGMxZC00ZDZlLWEzNGUtYmJkMGU3YTNhNWE3XkEyXkFqcGdeQXVyMTExNDQ2MTI@._V1_UY209_CR17,0,140,209_AL_.jpg",Rajendra Kumar,"July,20,1929"
"https://m.media-amazon.com/images/M/MV5BNDBlM2ZiZmEtYzYyMC00ZWNlLTkxMzQtOGFlMzgxZDg5NjdhXkEyXkFqcGdeQXVyMTExNDQ2MTI@._V1_UY209_CR12,0,140,209_AL_.jpg",Rajat Kapoor,"February,11,1961"
"https://m.media-amazon.com/images/M/MV5BMTk2ODU5Mjk2MV5BMl5BanBnXkFtZTcwODEzNDg3OA@@._V1_UX140_CR0,0,140,209_AL_.jpg",Ranbir Kapoor,"September,28,1982"
"https://m.media-amazon.com/images/M/MV5BNTIzOWZhMjctNTBkMi00YTc0LThhOGYtMDFlZmI4ZmNkZTZiXkEyXkFqcGdeQXVyMTExNDQ2MTI@._V1_UY209_CR3,0,140,209_AL_.jpg",Raghuvir Yadav,"June,25,1957"
"https://m.media-amazon.com/images/M/MV5BMzAxNWIzOWItMDM1NC00NGMyLWIwMDEtNWZjODEyOTFiZjQ4XkEyXkFqcGdeQXVyNjY1MTg4Mzc@._V1_UX140_CR0,0,140,209_AL_.jpg",Rajkummar Rao,
"https://m.media-amazon.com/images/M/MV5BZjc4NTAwMmQtMWQyMS00NGU4LWEzNmYtZTMyODJhOGZjMGRiXkEyXkFqcGdeQXVyNDUzOTQ5MjY@._V1_UX140_CR0,0,140,209_AL_.jpg",Revathy,"July,8,1966"
"https://m.media-amazon.com/images/M/MV5BZjNlMTdhYjYtODI0My00OTA2LTlkM2QtMGU5N2RhNWVlMWVjXkEyXkFqcGdeQXVyMTExNDQ2MTI@._V1_UY209_CR8,0,140,209_AL_.jpg",Raaj Kumar,"October,8,1926"
"https://m.media-amazon.com/images/M/MV5BZThmMmJlZGQtZDgyMy00YmIyLTk1NDQtMGQ0N2EzYzUxMWNiXkEyXkFqcGdeQXVyMjYwMDk5NjE@._V1_UY209_CR0,0,140,209_AL_.jpg",Ramya Krishnan,"September,15,1970"
"https://m.media-amazon.com/images/M/MV5BMTA3MDcyNzkxMjZeQTJeQWpwZ15BbWU3MDUxMTU4Njg@._V1_UY209_CR1,0,140,209_AL_.jpg",Rajinikanth,"December,12,1950"
"https://m.media-amazon.com/images/M/MV5BMjI4MjI2MTEwOV5BMl5BanBnXkFtZTgwMzkxMDU0OTE@._V1_UX140_CR0,0,140,209_AL_.jpg",Rani Mukerji,"March,21,1978"
"https://m.media-amazon.com/images/M/MV5BMTExOTcwMDU4NTReQTJeQWpwZ15BbWU3MDA0MjE1MTc@._V1_UY209_CR1,0,140,209_AL_.jpg",Ranveer Singh,"July,6,1985"
"https://m.media-amazon.com/images/M/MV5BMjJmNjM1YmUtNTA2Zi00Y2U0LTgyZTItMjQ5MTE4NWJhMDgyXkEyXkFqcGdeQXVyMTExNDQ2MTI@._V1_UY209_CR10,0,140,209_AL_.jpg",Rishi Kapoor,"September,4,1952"
"https://m.media-amazon.com/images/M/MV5BMTQ1OTE5NDEwNV5BMl5BanBnXkFtZTcwNjgzMTcxOA@@._V1_UY209_CR2,0,140,209_AL_.jpg",Rajesh Khanna,"December,29,1942"
"https://m.media-amazon.com/images/M/MV5BZjM0NmMyZTYtYmY3My00NDFkLTk1YTAtOGE3YTVjMGMyNzQ5XkEyXkFqcGdeQXVyMjYwMDk5NjE@._V1_UX140_CR0,0,140,209_AL_.jpg",Raghuvaran,"December,10,1958"
"https://m.media-amazon.com/images/M/MV5BMTQ1MjEwMjM3MF5BMl5BanBnXkFtZTgwNjM4NDczMDE@._V1_UX140_CR0,0,140,209_AL_.jpg",Raj Babbar,"June,23,1952"
"https://m.media-amazon.com/images/M/MV5BNjYwODQzMjk3Ml5BMl5BanBnXkFtZTYwNzIxMjky._V1_UY209_CR9,0,140,209_AL_.jpg",Raj Kapoor,"December,14,1924"
"https://m.media-amazon.com/images/M/MV5BZDhlNDEwMjgtMWY5NC00MGEyLThhODEtZjAyYzIyMmU1ZDUxXkEyXkFqcGdeQXVyMTExNDQ2MTI@._V1_UY209_CR9,0,140,209_AL_.jpg",Rajit Kapoor,"May,22,1960"
"https://m.media-amazon.com/images/M/MV5BZmQ0NjY5YmItMTAwOC00MWVlLThkZTgtYmZhMDg1ZjY2ODMwXkEyXkFqcGdeQXVyNjM5MTI3ODQ@._V1_UX140_CR0,0,140,209_AL_.jpg",Radhika Apte,
"https://m.media-amazon.com/images/M/MV5BMDVlNTM4YTUtNjA2My00OWQ0LThjYzAtYmU0ZGQ0NGE3YjQ1XkEyXkFqcGdeQXVyNDUzOTQ5MjY@._V1_UX140_CR0,0,140,209_AL_.jpg",Rakhee Gulzar,"August,15,1947"
"https://m.media-amazon.com/images/M/MV5BMTU3NDM3NDM3Ml5BMl5BanBnXkFtZTgwMzk4ODEzOTE@._V1_UY209_CR8,0,140,209_AL_.jpg",Riteish Deshmukh,"December,17,1978"
"https://m.media-amazon.com/images/M/MV5BMTIzOTE5MzMyMl5BMl5BanBnXkFtZTcwMjAyNzAyMg@@._V1_UY209_CR87,0,140,209_AL_.jpg",Ranvir Shorey,"August,18,1972"
"https://m.media-amazon.com/images/M/MV5BOTQ3MzVkNjUtODYwNi00N2Q2LTg3YTAtNDUxM2JiNDViN2IyXkEyXkFqcGdeQXVyNDUzOTQ5MjY@._V1_UY209_CR13,0,140,209_AL_.jpg",Richa Chadha,
"https://m.media-amazon.com/images/M/MV5BMTQ3MTI4MzUyNl5BMl5BanBnXkFtZTgwMjAzMTMzOTE@._V1_UY209_CR0,0,140,209_AL_.jpg",Rajpal Yadav,"March,16,1971"
"https://m.media-amazon.com/images/M/MV5BZjc5MTYwYjEtZmJiMC00YzA3LThiZGYtMWY2NjE2ZDNmYWFjXkEyXkFqcGdeQXVyNDUzOTQ5MjY@._V1_UY209_CR8,0,140,209_AL_.jpg",Raju Srivastava,"December,25,1963"
"https://m.media-amazon.com/images/M/MV5BMjk4NjkxNTkxMl5BMl5BanBnXkFtZTgwMzUwNDA3NDE@._V1_UY209_CR34,0,140,209_AL_.jpg",Randeep Hooda,"August,20,1976"
"https://m.media-amazon.com/images/M/MV5BMTM0OTU2NDYyNl5BMl5BanBnXkFtZTYwNTYyNDgy._V1_UX140_CR0,0,140,209_AL_.jpg",Sanjay Mishra,
"https://m.media-amazon.com/images/M/MV5BMTQ1NTE0NDgxMl5BMl5BanBnXkFtZTYwNzMyODEz._V1_UY209_CR19,0,140,209_AL_.jpg",Shabana Azmi,"September,18,1950"
"https://m.media-amazon.com/images/M/MV5BMTY2MDE1MTQ2N15BMl5BanBnXkFtZTgwNTk2OTczOTE@._V1_UX140_CR0,0,140,209_AL_.jpg",Shakti Kapoor,"September,3,1952"
"https://m.media-amazon.com/images/M/MV5BMTUyNjI2NTg3M15BMl5BanBnXkFtZTcwNDEzNDg3OA@@._V1_UX140_CR0,0,140,209_AL_.jpg",Saif Ali Khan,"August,16,1970"
"https://m.media-amazon.com/images/M/MV5BZDk1ZmU0NGYtMzQ2Yi00N2NjLTkyNWEtZWE2NTU4NTJiZGUzXkEyXkFqcGdeQXVyMTExNDQ2MTI@._V1_UY209_CR3,0,140,209_AL_.jpg",Shah Rukh Khan,"November,2,1965"
"https://m.media-amazon.com/images/M/MV5BNzM0OTA3MDAxN15BMl5BanBnXkFtZTgwMzg2OTczOTE@._V1_UX140_CR0,0,140,209_AL_.jpg",Sunil Dutt,"June,6,1930"
"https://m.media-amazon.com/images/M/MV5BYWE5MWNkYWQtZTZjZS00N2U0LTgzNzMtNzZkMzJmMWYzZWNkXkEyXkFqcGdeQXVyMTExNDQ2MTI@._V1_UY209_CR3,0,140,209_AL_.jpg",Sharman Joshi,"April,28,1979"
"https://m.media-amazon.com/images/M/MV5BNTcyNDUwNzEzNl5BMl5BanBnXkFtZTgwOTMxMjMzOTE@._V1_UY209_CR36,0,140,209_AL_.jpg",Shashi Kapoor,"March,18,1938"
"https://m.media-amazon.com/images/M/MV5BMTU3MTUyMjI4OF5BMl5BanBnXkFtZTgwNDgxNzE4MDE@._V1_UY209_CR2,0,140,209_AL_.jpg",Smita Patil,"October,17,1955"
"https://m.media-amazon.com/images/M/MV5BYzI0NGU4NDQtMjZiZS00Mjc2LTk3Y2ItY2NhYmYwOTEyZjQyXkEyXkFqcGdeQXVyNDUzOTQ5MjY@._V1_UY209_CR34,0,140,209_AL_.jpg",Surekha Sikri,"April,19,1945"
"https://m.media-amazon.com/images/M/MV5BYWE5MWNkYWQtZTZjZS00N2U0LTgzNzMtNzZkMzJmMWYzZWNkXkEyXkFqcGdeQXVyMTExNDQ2MTI@._V1_UY209_CR3,0,140,209_AL_.jpg",Sharman Joshi,"April,28,1979"
"https://m.media-amazon.com/images/M/MV5BMTcxODc3NzkxOF5BMl5BanBnXkFtZTgwMzUwOTU3MTE@._V1_UY209_CR87,0,140,209_AL_.jpg",Shashank Arora,
"https://m.media-amazon.com/images/M/MV5BMjZhOTQzNTEtNGY4NS00ZmQxLThkMDEtM2M4NDVjMjc0MWNlXkEyXkFqcGdeQXVyMTExNDQ2MTI@._V1_UY209_CR12,0,140,209_AL_.jpg",Shreyas Talpade,"January,27,1976"
"https://m.media-amazon.com/images/M/MV5BNTBjN2U2MTgtZjhhMC00YjE4LWI5ODQtN2EwYmJhNTU4MDdkXkEyXkFqcGdeQXVyMTExNDQ2MTI@._V1_UY209_CR15,0,140,209_AL_.jpg",Shernaz Patel,
"https://m.media-amazon.com/images/M/MV5BMTczMTgyOTkyOV5BMl5BanBnXkFtZTYwNTQ1MDA0._V1_UY209_CR1,0,140,209_AL_.jpg",Seema Biswas,"January,14,1965"
"https://m.media-amazon.com/images/M/MV5BOThiMjlmYzYtNmQ3NC00YzUyLWE4MmUtMjEzMWQxNjMyZmVlXkEyXkFqcGdeQXVyMTExNDQ2MTI@._V1_UY209_CR7,0,140,209_AL_.jpg",Sachin Khedekar,"March,14,1965"
"https://m.media-amazon.com/images/M/MV5BMjEwOTA2MjMwMl5BMl5BanBnXkFtZTcwODc3MDgxOA@@._V1_UY209_CR3,0,140,209_AL_.jpg",Sunny Deol,"October,19,1957"
"https://m.media-amazon.com/images/M/MV5BNjVhOGZjYzEtM2Y3MS00OTAyLTg5Y2QtZTQzMDVkZWQyYTI2L2ltYWdlXkEyXkFqcGdeQXVyMTExNDQ2MTI@._V1_UY209_CR9,0,140,209_AL_.jpg",Sudesh Lehri,
"https://m.media-amazon.com/images/M/MV5BMjI5Mjk4NDc3Ml5BMl5BanBnXkFtZTgwMjczMTI1NTE@._V1_UY209_CR74,0,140,209_AL_.jpg",Soumitra Chatterjee,"January,19,1935"
"https://m.media-amazon.com/images/M/MV5BMTU4NTAzNTIxMl5BMl5BanBnXkFtZTcwMjkyNzg5Nw@@._V1_UX140_CR0,0,140,209_AL_.jpg",Saeed Jaffrey,"January,8,1929"
"https://m.media-amazon.com/images/M/MV5BMmI2Nzk4NWQtOTAxNi00ZTIxLTljNDktZDJlZDQ2NDRiODJjXkEyXkFqcGdeQXVyMjYwMDk5NjE@._V1_UY209_CR17,0,140,209_AL_.jpg",Shivaji Ganesan,"October,1,1928"
"https://m.media-amazon.com/images/M/MV5BMTg4Njc5MzUzNF5BMl5BanBnXkFtZTgwOTYzMTI1NTE@._V1_UY209_CR74,0,140,209_AL_.jpg",Sharmila Tagore,"December,8,1946"
"https://m.media-amazon.com/images/M/MV5BNzc0NWJjMjQtM2VhOC00MDAxLWE5ZjItZTNlZDFkYjE1YjE0XkEyXkFqcGdeQXVyNDUzOTQ5MjY@._V1_UY209_CR33,0,140,209_AL_.jpg",Sheeba Chaddha,"1972,in,Delhi,"
"https://m.media-amazon.com/images/M/MV5BMTQyMjg4Mzk2M15BMl5BanBnXkFtZTcwMjE0MTg2OA@@._V1_UY209_CR18,0,140,209_AL_.jpg",Sridevi,"August,13,1963"
"https://m.media-amazon.com/images/M/MV5BMjMwNTIxODg0OF5BMl5BanBnXkFtZTgwODg2NzM0OTE@._V1_UY209_CR7,0,140,209_AL_.jpg",Salman Khan,"December,27,1965"
"https://m.media-amazon.com/images/M/MV5BMTYzMTczOTM2Ml5BMl5BanBnXkFtZTYwNzE4Mzgy._V1_UY209_CR19,0,140,209_AL_.jpg",Saurabh Shukla,"March,5,1963"
"https://m.media-amazon.com/images/M/MV5BNzU2NTgwNzY1OF5BMl5BanBnXkFtZTcwMjQxNzcxOA@@._V1_UY209_CR87,0,140,209_AL_.jpg",Sanjay Dutt,"July,29,1959"
"https://m.media-amazon.com/images/M/MV5BZmE5YTIwODYtMTA2OC00ZDg1LTk3NmItMGI1NzhjNTZiNjIyXkEyXkFqcGdeQXVyMTExNDQ2MTI@._V1_UY209_CR21,0,140,209_AL_.jpg",Sanjeev Kumar,"July,9,1938"
"https://m.media-amazon.com/images/M/MV5BOWFjZGYxZDMtYTBhYy00YWVkLTk2NDUtMmE2NTAyM2Q0OTMyXkEyXkFqcGdeQXVyMjYwMDk5NjE@._V1_UY209_CR6,0,140,209_AL_.jpg",Sudeep,"September,2,1973"
"https://m.media-amazon.com/images/M/MV5BODUwMzUyNTUxMl5BMl5BanBnXkFtZTcwNDM2ODIyOA@@._V1_UY209_CR3,0,140,209_AL_.jpg",Sunil Shetty,"August,11,1961"
"https://m.media-amazon.com/images/M/MV5BNjUyMTQyNDA2M15BMl5BanBnXkFtZTgwNDI4ODEzOTE@._V1_UX140_CR0,0,140,209_AL_.jpg",Tiger Shroff,"March,2,1990"
"https://m.media-amazon.com/images/M/MV5BMjk1NDI0ZjEtMDMwOS00ZTY5LTk3NTEtODYxZWZlNTE4OTZmXkEyXkFqcGdeQXVyMTExNDQ2MTI@._V1_UY209_CR7,0,140,209_AL_.jpg",Tom Alter,"June,22,1950"
"https://m.media-amazon.com/images/M/MV5BZjM4OWEyOWItNmU0Yy00MjQyLTkyNzYtOTQzNzA1ZTJmOTY0XkEyXkFqcGdeQXVyMTExNDQ2MTI@._V1_UY209_CR9,0,140,209_AL_.jpg",Tinnu Anand,"May,4,1953"
"https://m.media-amazon.com/images/M/MV5BMTU0ODQ2MjA5NF5BMl5BanBnXkFtZTYwMjczMjA0._V1_UY209_CR1,0,140,209_AL_.jpg",Tabu,"November,4,1970"
"https://m.media-amazon.com/images/M/MV5BMmVkZTMxMTgtNjk3Ny00Yzc4LWFhZWYtMjBhYTJjN2EwMDViXkEyXkFqcGdeQXVyMTExNDQ2MTI@._V1_UY209_CR7,0,140,209_AL_.jpg",Tigmanshu Dhulia,
"https://m.media-amazon.com/images/M/MV5BNDRiOGQ0YWYtNmE0MC00NWM4LTg5YTMtNzAyNjQyZGVkOThjXkEyXkFqcGdeQXVyMTExNDQ2MTI@._V1_UY209_CR6,0,140,209_AL_.jpg",Usha Nadkarni,
"https://m.media-amazon.com/images/M/MV5BYzkzNGJjNGMtMTcyMy00YmQ5LTgwMmItNzk4MjBkZWJhMTg1XkEyXkFqcGdeQXVyNDUzOTQ5MjY@._V1_UY209_CR1,0,140,209_AL_.jpg",Upasna Singh,"June,29,1975"
"https://m.media-amazon.com/images/M/MV5BMDFiNjgzNGQtMmZkMy00NzNmLWE2MDItYzMzMWQ0ZmE3Yzg4XkEyXkFqcGdeQXVyNDUzOTQ5MjY@._V1_UY209_CR91,0,140,209_AL_.jpg",Utpal Dutt,"March,29,1929"
"https://m.media-amazon.com/images/M/MV5BN2JkNjFjYzctOTM4NS00NGI3LWFhY2UtZmIwNTZjNzc1YTA3XkEyXkFqcGdeQXVyMTExNDQ2MTI@._V1_UY209_CR10,0,140,209_AL_.jpg",Upendra Limaye,
"https://m.media-amazon.com/images/M/MV5BMjM0NTM3ODY4Ml5BMl5BanBnXkFtZTgwNTA4MDM0OTE@._V1_UY209_CR2,0,140,209_AL_.jpg",Varun Dhawan,"April,24,1987"
"https://m.media-amazon.com/images/M/MV5BMTkyNDE4OTA0MF5BMl5BanBnXkFtZTgwNjExMTE0OTE@._V1_UY209_CR92,0,140,209_AL_.jpg",Venkatesh Daggubati,"December,13,1960"
"https://m.media-amazon.com/images/M/MV5BOTc2ODgwODcxOF5BMl5BanBnXkFtZTgwNzM1MzYwMTE@._V1_UX140_CR0,0,140,209_AL_.jpg",Vijay Raaz,
"https://m.media-amazon.com/images/M/MV5BMTgxODI1NTI2MV5BMl5BanBnXkFtZTgwODgxODYyNjE@._V1_UY209_CR86,0,140,209_AL_.jpg",Vinay Pathak,"July,12,1968"
https://m.media-amazon.com/images/G/01/imdb/images/nopicture/medium/name-2135195744._CB466677935_.png,Vishal Malik,
"https://m.media-amazon.com/images/M/MV5BN2EyYjI5NmEtMDEwZC00ZGYwLWFjZWEtOWVkZjZjMDM0M2IyXkEyXkFqcGdeQXVyMTExNDQ2MTI@._V1_UY209_CR3,0,140,209_AL_.jpg",Vikram Gokhale,"October,30,1940"
"https://m.media-amazon.com/images/M/MV5BZjQxYWI5M2UtNTdiZi00OTU0LTk2YTgtYjc3MWFkZGEzMWZkXkEyXkFqcGdeQXVyNDAzNDk0MTQ@._V1_UY209_CR150,0,140,209_AL_.jpg",Vipin Sharma,
"https://m.media-amazon.com/images/M/MV5BMGNlOWMyNDUtMjYzZi00YmE2LThjNTItMjFiOTA3YzBkZjZmXkEyXkFqcGdeQXVyMTExNDQ2MTI@._V1_UY209_CR12,0,140,209_AL_.jpg",Vinod Khanna,"October,6,1946"
"https://m.media-amazon.com/images/M/MV5BYWVjYzI1YzctOGJkYS00ZGM5LTg3OGItYmI5ZTIyMGI2ZGI3XkEyXkFqcGdeQXVyNDUzOTQ5MjY@._V1_UY209_CR14,0,140,209_AL_.jpg",Vyjayanthimala,"August,13,1933"
"https://m.media-amazon.com/images/M/MV5BNDI3Mjk2MjgzMl5BMl5BanBnXkFtZTcwODQwMjI1OQ@@._V1_UY209_CR2,0,140,209_AL_.jpg",Vidya Balan,"January,1,1979"
"https://m.media-amazon.com/images/M/MV5BMTI4OWU4ZDktOGNlNC00NTBlLWJjNTctM2JmYzBhOGFhNWE4XkEyXkFqcGdeQXVyMTExNDQ2MTI@._V1_UY209_CR5,0,140,209_AL_.jpg",Vrajesh Hirjee,"June,16,1971"
"https://m.media-amazon.com/images/M/MV5BMTQ4NzE2OTMyMl5BMl5BanBnXkFtZTcwOTc4MDEzMQ@@._V1_UY209_CR69,0,140,209_AL_.jpg",Waheeda Rehman,"February,3,1938"
"https://m.media-amazon.com/images/M/MV5BMzczOGQwZDMtYWQxYi00NDZhLTlkNWYtMjVkMzhlODcyZmU4XkEyXkFqcGdeQXVyMTExNDQ2MTI@._V1_UY209_CR6,0,140,209_AL_.jpg",Yashpal Sharma,"August,9,1970"
"https://m.media-amazon.com/images/M/MV5BMTg4NDcxNTQ0N15BMl5BanBnXkFtZTgwNTI3OTczOTE@._V1_UX140_CR0,0,140,209_AL_.jpg",Zeenat Aman,"November,19,1951"
"https://m.media-amazon.com/images/M/MV5BMzA0NDAzZjAtOTFhMi00N2RiLWIxOWUtMTBkY2U0YjI3ZDU2XkEyXkFqcGdeQXVyNDUzOTQ5MjY@._V1_UY209_CR32,0,140,209_AL_.jpg",Zohra Sehgal,"April,27,1912"
"https://m.media-amazon.com/images/M/MV5BNDZhNzNiY2UtYzRkOS00N2IzLWFmNDctZTNkNTVkODZkZjEwXkEyXkFqcGdeQXVyMTExNDQ2MTI@._V1_UY209_CR8,0,140,209_AL_.jpg",Zarina Wahab,
